,,2023Q1,2023Q2,2023Q3
AAPL,Asset Turnover Ratio,0.2794,0.2452,0.2603
AAPL,Operating Ratio,0.7014,0.7188,0.6987
AAPL,Current Ratio,0.9404,0.9816,0.988
AAPL,Quick Ratio,0.7643,0.8136,0.8433
AAPL,Cash Ratio,0.4653,0.5,0.4236
AAPL,Working Capital,-7162000000.0,-2304000000.0,-1742000000.0
AAPL,Operating Cash Flow Ratio,0.2379,0.2111,0.1486
AAPL,Gross Margin,0.4426,0.4452,0.4517
AAPL,Operating Margin,0.2986,0.2812,0.3013
AAPL,Net Profit Margin,0.2548,0.2431,0.2565
AAPL,Interest Coverage Ratio,33.5656,26.1022,29.5629
AAPL,Net Current Asset Value,-7162000000.0,-2304000000.0,-1742000000.0
ABBV,Asset Turnover Ratio,0.0894,0.1027,0.1026
ABBV,Operating Ratio,0.7613,0.6543,0.8315
ABBV,Current Ratio,0.9601,0.8949,0.9555
ABBV,Quick Ratio,0.6595,0.6283,0.7104
ABBV,Cash Ratio,0.2436,0.2719,0.3822
ABBV,Working Capital,-1102000000.0,-3387000000.0,-1549000000.0
ABBV,Operating Cash Flow Ratio,0.152,0.196,0.0512
ABBV,Gross Margin,0.6739,0.6942,0.5344
ABBV,Operating Margin,0.2264,0.3255,0.1638
ABBV,Net Profit Margin,0.0196,0.146,0.1277
ABBV,Interest Coverage Ratio,8.8517,12.2699,6.1357
ABBV,Net Current Asset Value,-1102000000.0,-3387000000.0,-1549000000.0
ABT,Asset Turnover Ratio,0.1309,0.135,0.1395
ABT,Operating Ratio,0.8452,0.8455,0.8376
ABT,Current Ratio,1.6285,1.638,1.7378
ABT,Quick Ratio,1.1842,1.1592,0.5403
ABT,Cash Ratio,0.6566,0.5683,0.5403
ABT,Working Capital,9735000000.0,9155000000.0,9622000000.0
ABT,Operating Cash Flow Ratio,0.0738,0.0838,0.0
ABT,Gross Margin,0.5557,0.5507,0.546
ABT,Operating Margin,0.1548,0.1545,0.1624
ABT,Net Profit Margin,0.1352,0.1378,0.1416
ABT,Interest Coverage Ratio,40.5962,36.3279,31.058
ABT,Net Current Asset Value,9735000000.0,9155000000.0,9622000000.0
ACN,Asset Turnover Ratio,0.3335,0.3386,0.3154
ACN,Operating Ratio,0.877,0.8576,0.8803
ACN,Current Ratio,1.2882,1.3679,1.2983
ACN,Quick Ratio,1.1463,1.2358,1.1815
ACN,Cash Ratio,0.3818,0.4996,0.5025
ACN,Working Capital,4711436000.0,6287545000.0,5372893000.0
ACN,Operating Cash Flow Ratio,0.1425,0.1924,0.1893
ACN,Gross Margin,0.3057,0.3338,0.3242
ACN,Operating Margin,0.123,0.1424,0.1197
ACN,Net Profit Margin,0.0963,0.1213,0.0859
ACN,Interest Coverage Ratio,214.1152,289.435,146.7679
ACN,Net Current Asset Value,4711436000.0,6287545000.0,5372893000.0
ADBE,Asset Turnover Ratio,0.1729,0.1767,0.1718
ADBE,Operating Ratio,0.6593,0.6628,0.653
ADBE,Current Ratio,1.1217,1.1565,1.2491
ADBE,Quick Ratio,1.0023,1.0333,1.124
ADBE,Cash Ratio,0.7601,0.8232,0.9018
ADBE,Working Capital,905000000.0,1255000000.0,2076000000.0
ADBE,Operating Cash Flow Ratio,0.2276,0.2667,0.2247
ADBE,Gross Margin,0.878,0.8812,0.8814
ADBE,Operating Margin,0.3407,0.3372,0.347
ADBE,Net Profit Margin,0.2679,0.2689,0.2869
ADBE,Interest Coverage Ratio,57.5312,72.7308,70.9259
ADBE,Net Current Asset Value,905000000.0,1255000000.0,2076000000.0
AIG,Asset Turnover Ratio,0.0208,0.0246,0.0241
AIG,Operating Ratio,1.0022,0.8721,0.785
AIG,Current Ratio,2.9867,3.0369,3.0914
AIG,Quick Ratio,11.769,11.624,11.3117
AIG,Cash Ratio,11.0667,11.042,10.778
AIG,Working Capital,43906000000.0,43491000000.0,44626000000.0
AIG,Operating Cash Flow Ratio,0.0225,0.0288,0.1645
AIG,Gross Margin,0.8208,0.8284,0.8343
AIG,Operating Margin,-0.1152,0.1279,0.215
AIG,Net Profit Margin,-0.0079,0.113,0.215
AIG,Interest Coverage Ratio,-0.2834,9.9964,13.2786
AIG,Net Current Asset Value,43906000000.0,43491000000.0,44626000000.0
AMD,Asset Turnover Ratio,0.0792,0.079,0.0856
AMD,Operating Ratio,1.0271,1.0037,0.9614
AMD,Current Ratio,2.3807,2.1797,2.188
AMD,Quick Ratio,1.5176,1.3998,1.4213
AMD,Cash Ratio,0.903,0.83,0.7585
AMD,Working Capital,9081000000.0,8933000000.0,9061000000.0
AMD,Operating Cash Flow Ratio,0.0739,0.0501,0.0552
AMD,Gross Margin,0.4407,0.4559,0.4736
AMD,Operating Margin,-0.0191,-0.0037,0.0386
AMD,Net Profit Margin,-0.026,0.005,0.0516
AMD,Interest Coverage Ratio,16.64,30.4643,41.2308
AMD,Net Current Asset Value,9081000000.0,8933000000.0,9061000000.0
AMGN,Asset Turnover Ratio,0.0794,0.0781,0.0764
AMGN,Operating Ratio,0.6853,0.6158,0.7072
AMGN,Current Ratio,3.1448,2.7712,2.8593
AMGN,Quick Ratio,2.6238,2.3442,2.4116
AMGN,Cash Ratio,2.2203,2.0032,2.0491
AMGN,Working Capital,30488000000.0,30283000000.0,31523000000.0
AMGN,Operating Cash Flow Ratio,0.0749,0.2403,0.1628
AMGN,Gross Margin,0.7183,0.7405,0.7384
AMGN,Operating Margin,0.5053,0.3842,0.2928
AMGN,Net Profit Margin,0.4654,0.1974,0.2506
AMGN,Interest Coverage Ratio,7.3389,3.1463,3.5652
AMGN,Net Current Asset Value,30488000000.0,30283000000.0,31523000000.0
AMT,Asset Turnover Ratio,0.0413,0.0415,0.0425
AMT,Operating Ratio,0.7197,0.6848,0.6521
AMT,Current Ratio,0.4581,0.5316,0.5605
AMT,Quick Ratio,0.333,0.3898,0.4028
AMT,Cash Ratio,0.2394,0.291,0.3085
AMT,Working Capital,-4082000000.0,-3244300000.0,-3018800000.0
AMT,Operating Cash Flow Ratio,0.1421,0.1746,0.1894
AMT,Gross Margin,0.7087,0.7015,0.7106
AMT,Operating Margin,0.2803,0.3152,0.2337
AMT,Net Profit Margin,0.1214,0.1716,0.2082
AMT,Interest Coverage Ratio,4.4171,4.7064,3.9577
AMT,Net Current Asset Value,-4082000000.0,-3244300000.0,-3018800000.0
AMZN,Asset Turnover Ratio,0.2748,0.2853,0.2967
AMZN,Operating Ratio,0.966,0.9425,0.9218
AMZN,Current Ratio,0.9231,0.9477,0.9847
AMZN,Quick Ratio,0.6915,0.7009,0.7409
AMZN,Cash Ratio,0.4364,0.4315,0.4419
AMZN,Working Capital,-11349000000.0,-7756000000.0,-2219000000.0
AMZN,Operating Cash Flow Ratio,0.0324,0.1111,0.1461
AMZN,Gross Margin,0.4677,0.4838,0.4757
AMZN,Operating Margin,0.0389,0.0572,0.0782
AMZN,Net Profit Margin,0.0249,0.0502,0.069
AMZN,Interest Coverage Ratio,19.5346,22.9405,-28.9318
AMZN,Net Current Asset Value,-11349000000.0,-7756000000.0,-2219000000.0
AVGO,Asset Turnover Ratio,0.1219,0.1208,0.1239
AVGO,Operating Ratio,0.5386,0.54,0.5417
AVGO,Current Ratio,2.5172,2.3793,2.496
AVGO,Quick Ratio,2.1223,1.9417,2.038
AVGO,Cash Ratio,1.6901,1.5381,1.6413
AVGO,Working Capital,11353000000.0,10360000000.0,10988000000.0
AVGO,Operating Cash Flow Ratio,0.5394,0.5994,0.6425
AVGO,Gross Margin,0.6735,0.7002,0.6945
AVGO,Operating Margin,0.4602,0.4589,0.4344
AVGO,Net Profit Margin,0.4233,0.3986,0.3721
AVGO,Interest Coverage Ratio,13.0246,12.516,11.7931
AVGO,Net Current Asset Value,11353000000.0,10360000000.0,10988000000.0
AXP,Asset Turnover Ratio,0.0616,0.0626,0.0619
AXP,Operating Ratio,-0.7759,-0.8184,-0.803
AXP,Current Ratio,20.5,21.5,0.7
AXP,Quick Ratio,49.239,50.8605,0.756
AXP,Cash Ratio,20.6035,21.855,0.3348
AXP,Working Capital,39000000000.0,41000000000.0,-41771000000.0
AXP,Operating Cash Flow Ratio,-0.1885,1.9615,0.0592
AXP,Gross Margin,1.0,1.0,1.0025
AXP,Operating Margin,0.2241,0.1816,0.2021
AXP,Net Profit Margin,0.1272,0.1444,0.1598
AXP,Interest Coverage Ratio,2.5122,1.8766,1.9627
AXP,Net Current Asset Value,39000000000.0,41000000000.0,-41771000000.0
BA,Asset Turnover Ratio,0.1311,0.1457,0.1346
BA,Operating Ratio,1.0068,1.0073,1.0462
BA,Current Ratio,1.1636,1.1666,1.1491
BA,Quick Ratio,0.2936,0.284,0.2759
BA,Cash Ratio,0.1579,0.1495,0.1437
BA,Working Capital,15301000000.0,15336000000.0,13873000000.0
BA,Operating Cash Flow Ratio,-0.0034,0.0312,0.0002
BA,Gross Margin,0.1073,0.0982,0.0644
BA,Operating Margin,0.01,-0.005,-0.0446
BA,Net Profit Margin,-0.0237,-0.0075,-0.0904
BA,Interest Coverage Ratio,0.9815,0.5749,-0.5789
BA,Net Current Asset Value,15301000000.0,15336000000.0,13873000000.0
BAC,Asset Turnover Ratio,0.0084,0.008,0.008
BAC,Operating Ratio,0.5199,0.533,-0.1922
BAC,Current Ratio,11.3777,14.6373,15.2636
BAC,Quick Ratio,11.3777,14.6373,15.2636
BAC,Cash Ratio,9.7282,12.5192,13.0692
BAC,Working Capital,587005000000.0,559362000000.0,573341000000.0
BAC,Operating Cash Flow Ratio,-0.1998,0.2873,0.0001
BAC,Gross Margin,0.518,0.508,0.5138
BAC,Operating Margin,0.868,1.041,0.3217
BAC,Net Profit Margin,0.3108,0.294,0.31
BAC,Interest Coverage Ratio,1.6398,1.4696,0.4206
BAC,Net Current Asset Value,587005000000.0,559362000000.0,573341000000.0
BK,Asset Turnover Ratio,0.0103,0.0102,0.0103
BK,Operating Ratio,-0.4483,-0.6865,-0.6949
BK,Current Ratio,6.1376,6.5408,7.2509
BK,Quick Ratio,8.147,8.603,9.6394
BK,Cash Ratio,8.1037,8.5573,9.5739
BK,Working Capital,116100000000.0,116823000000.0,109022000000.0
BK,Operating Cash Flow Ratio,0.0793,0.0544,0.289
BK,Gross Margin,0.8686,0.9931,0.9932
BK,Operating Margin,0.2889,0.3066,0.2983
BK,Net Profit Margin,0.2281,0.2447,0.2421
BK,Interest Coverage Ratio,0.4442,0.3276,0.2874
BK,Net Current Asset Value,116100000000.0,116823000000.0,109022000000.0
BKNG,Asset Turnover Ratio,0.1494,0.211,0.2813
BKNG,Operating Ratio,0.8806,0.6935,0.577
BKNG,Current Ratio,1.5928,1.5503,1.4401
BKNG,Quick Ratio,1.4948,1.446,1.3533
BKNG,Cash Ratio,1.3098,1.2212,1.0846
BKNG,Working Capital,6562000000.0,6868000000.0,5647000000.0
BKNG,Operating Cash Flow Ratio,0.261,0.1392,0.1069
BKNG,Gross Margin,1.0,1.0,1.0
BKNG,Operating Margin,0.1191,0.3063,0.4227
BKNG,Net Profit Margin,0.0704,0.2362,0.3421
BKNG,Interest Coverage Ratio,3.3969,7.6058,12.8819
BKNG,Net Current Asset Value,6562000000.0,6868000000.0,5647000000.0
BLK,Asset Turnover Ratio,0.0355,0.0366,0.0357
BLK,Operating Ratio,0.6613,0.6375,0.6451
BLK,Current Ratio,13.262,14.231,6.2933
BLK,Quick Ratio,7.7971,9.2042,6.2933
BLK,Cash Ratio,4.7709,5.9118,4.1101
BLK,Working Capital,14506000000.0,15295000000.0,9422000000.0
BLK,Operating Cash Flow Ratio,-0.3331,0.8521,0.0
BLK,Gross Margin,0.4704,0.4867,0.4913
BLK,Operating Margin,0.3389,0.3619,0.354
BLK,Net Profit Margin,0.2727,0.3061,0.3261
BLK,Interest Coverage Ratio,26.4407,25.2754,31.28
BLK,Net Current Asset Value,14506000000.0,15295000000.0,9422000000.0
BMY,Asset Turnover Ratio,0.1186,0.1196,0.1187
BMY,Operating Ratio,0.7855,0.8307,0.6156
BMY,Current Ratio,1.4192,1.3933,1.1777
BMY,Quick Ratio,1.1881,1.1806,0.9945
BMY,Cash Ratio,0.4857,0.4333,0.3276
BMY,Working Capital,8001000000.0,7924000000.0,4170000000.0
BMY,Operating Cash Flow Ratio,0.1556,0.0936,0.2025
BMY,Gross Margin,0.7737,0.7438,0.7715
BMY,Operating Margin,0.2505,0.3704,0.3844
BMY,Net Profit Margin,0.1995,0.1847,0.1758
BMY,Interest Coverage Ratio,17.6944,22.7482,23.75
BMY,Net Current Asset Value,8001000000.0,7924000000.0,4170000000.0
BRK-B,Asset Turnover Ratio,0.1235,0.1232,0.0615
BRK-B,Operating Ratio,0.6275,0.6382,1.2715
BRK-B,Current Ratio,1.4739,1.519,27.8139
BRK-B,Quick Ratio,1.2872,1.342,27.8139
BRK-B,Cash Ratio,0.9182,0.9937,20.8294
BRK-B,Working Capital,67410000000.0,76972000000.0,202418000000.0
BRK-B,Operating Cash Flow Ratio,0.0611,0.0838,1.8107
BRK-B,Gross Margin,1.0,1.0,0.5105
BRK-B,Operating Margin,0.3725,0.3618,0.198
BRK-B,Net Profit Margin,0.2955,0.286,-0.2013
BRK-B,Interest Coverage Ratio,39.2471,38.8559,12.5135
BRK-B,Net Current Asset Value,67410000000.0,76972000000.0,202418000000.0
C,Asset Turnover Ratio,0.0084,0.008,0.0084
C,Operating Ratio,0.6513,0.7292,-0.2215
C,Current Ratio,5.3461,5.4167,4.7527
C,Quick Ratio,5.3461,5.4167,4.7527
C,Cash Ratio,4.8714,4.8628,4.1928
C,Working Capital,508042000000.0,485229000000.0,443722000000.0
C,Operating Cash Flow Ratio,-0.2608,-0.4921,0.1336
C,Gross Margin,0.4692,0.4393,0.4573
C,Operating Margin,1.0327,1.1685,0.2358
C,Net Profit Margin,0.2257,0.1499,0.1761
C,Interest Coverage Ratio,1.3824,1.2136,0.2804
C,Net Current Asset Value,508042000000.0,485229000000.0,443722000000.0
CAT,Asset Turnover Ratio,0.1916,0.2049,0.1952
CAT,Operating Ratio,0.8278,0.7891,0.7948
CAT,Current Ratio,1.434,1.3309,1.4493
CAT,Quick Ratio,0.7895,0.7388,0.7634
CAT,Cash Ratio,0.2132,0.2092,0.1976
CAT,Working Capital,13818000000.0,11686000000.0,14881000000.0
CAT,Operating Cash Flow Ratio,0.0494,0.092,0.1226
CAT,Gross Margin,0.3494,0.3469,0.3538
CAT,Operating Margin,0.1722,0.2109,0.2052
CAT,Net Profit Margin,0.1225,0.1687,0.1662
CAT,Interest Coverage Ratio,25.5426,33.0236,30.8062
CAT,Net Current Asset Value,13818000000.0,11686000000.0,14881000000.0
CHTR,Asset Turnover Ratio,0.0944,0.094,0.0929
CHTR,Operating Ratio,0.7857,1.0042,0.7699
CHTR,Current Ratio,0.3322,0.3281,0.326
CHTR,Quick Ratio,0.2765,0.2791,0.2775
CHTR,Cash Ratio,0.0436,0.0399,0.0452
CHTR,Working Capital,-8175000000.0,-8046000000.0,-8509000000.0
CHTR,Operating Cash Flow Ratio,0.2714,0.2765,0.3124
CHTR,Gross Margin,0.3766,0.392,0.3891
CHTR,Operating Margin,0.2143,-0.0042,0.2301
CHTR,Net Profit Margin,0.0748,0.0895,0.0924
CHTR,Interest Coverage Ratio,3.9747,-1.6287,-4.0245
CHTR,Net Current Asset Value,-8175000000.0,-8046000000.0,-8509000000.0
CL,Asset Turnover Ratio,0.299,0.2977,0.3046
CL,Operating Ratio,0.8094,0.7887,0.7854
CL,Current Ratio,1.2411,1.1738,1.1641
CL,Quick Ratio,2.3208,0.5343,0.5493
CL,Cash Ratio,1.9598,0.1768,0.2066
CL,Working Capital,1062000000.0,805000000.0,755000000.0
CL,Operating Cash Flow Ratio,0.1669,0.1559,0.2503
CL,Gross Margin,0.5686,0.578,0.5854
CL,Operating Margin,0.1906,0.202,0.2094
CL,Net Profit Margin,0.078,0.1041,0.144
CL,Interest Coverage Ratio,19.2037,19.2931,20.2241
CL,Net Current Asset Value,1062000000.0,805000000.0,755000000.0
CMCSA,Asset Turnover Ratio,0.1149,0.117,0.1151
CMCSA,Operating Ratio,0.8098,0.7801,0.785
CMCSA,Current Ratio,0.6903,0.7569,0.7004
CMCSA,Quick Ratio,0.5498,0.5967,0.5498
CMCSA,Cash Ratio,0.1708,0.2025,0.1774
CMCSA,Working Capital,-10038000000.0,-8003000000.0,-10327000000.0
CMCSA,Operating Cash Flow Ratio,0.223,0.2186,0.2365
CMCSA,Gross Margin,0.6967,0.71,0.7127
CMCSA,Operating Margin,0.1902,0.2199,0.215
CMCSA,Net Profit Margin,0.1291,0.1392,0.1344
CMCSA,Interest Coverage Ratio,9.9366,10.2675,9.4028
CMCSA,Net Current Asset Value,-10038000000.0,-8003000000.0,-10327000000.0
COF,Asset Turnover Ratio,0.0192,0.0192,0.0199
COF,Operating Ratio,0.4547,-0.4695,-0.7628
COF,Current Ratio,210.4477,192.0016,178.3577
COF,Quick Ratio,210.4477,192.0016,178.3577
COF,Cash Ratio,206.8245,188.3956,174.7533
COF,Working Capital,130067000000.0,121668000000.0,121490000000.0
COF,Operating Cash Flow Ratio,4.818,5.2653,
COF,Gross Margin,1.0,1.0,1.0
COF,Operating Margin,0.4191,0.5305,0.2372
COF,Net Profit Margin,0.1078,0.1588,0.1911
COF,Interest Coverage Ratio,1.4583,1.5732,0.651
COF,Net Current Asset Value,130067000000.0,121668000000.0,121490000000.0
COP,Asset Turnover Ratio,0.1599,0.1364,0.1555
COP,Operating Ratio,0.7246,0.7539,0.7319
COP,Current Ratio,1.395,1.414,1.6619
COP,Quick Ratio,1.2036,1.1883,1.4623
COP,Cash Ratio,0.7452,0.7138,0.9137
COP,Working Capital,4563000000.0,3953000000.0,6843000000.0
COP,Operating Cash Flow Ratio,0.4677,0.4036,0.5267
COP,Gross Margin,0.3343,0.3108,0.324
COP,Operating Margin,0.3161,0.5167,0.5142
COP,Net Profit Margin,0.1972,0.1807,0.1964
COP,Interest Coverage Ratio,25.875,33.9757,36.1527
COP,Net Current Asset Value,4563000000.0,3953000000.0,6843000000.0
COST,Asset Turnover Ratio,0.8318,0.8031,1.163
COST,Operating Ratio,0.9656,0.9687,0.9648
COST,Current Ratio,1.0558,1.0814,1.0684
COST,Quick Ratio,0.505,0.5112,0.5217
COST,Cash Ratio,0.4215,0.4323,0.4536
COST,Working Capital,1814000000.0,2581000000.0,2296000000.0
COST,Operating Cash Flow Ratio,0.0982,0.0486,0.1109
COST,Gross Margin,0.1238,0.1207,0.1231
COST,Operating Margin,0.0344,0.0313,0.0352
COST,Net Profit Margin,0.0265,0.0243,0.0274
COST,Interest Coverage Ratio,69.7941,59.75,61.9464
COST,Net Current Asset Value,1814000000.0,2581000000.0,2296000000.0
CRM,Asset Turnover Ratio,0.0879,0.0857,0.0925
CRM,Operating Ratio,0.8587,0.8638,0.8227
CRM,Current Ratio,1.0195,1.0164,1.016
CRM,Quick Ratio,0.8985,0.8605,0.8554
CRM,Cash Ratio,0.4831,0.6463,0.5959
CRM,Working Capital,504000000.0,355000000.0,333000000.0
CRM,Operating Cash Flow Ratio,0.1077,0.2077,0.0388
CRM,Gross Margin,0.7495,0.7423,0.7544
CRM,Operating Margin,0.2776,0.2395,0.1716
CRM,Net Profit Margin,-0.0117,0.0241,0.1473
CRM,Interest Coverage Ratio,inf,inf,inf
CRM,Net Current Asset Value,504000000.0,355000000.0,333000000.0
CSCO,Asset Turnover Ratio,0.1439,0.1507,0.1525
CSCO,Operating Ratio,0.7399,0.7232,0.7069
CSCO,Current Ratio,1.4133,1.3911,1.3845
CSCO,Quick Ratio,1.1322,1.1071,1.1291
CSCO,Cash Ratio,0.8095,0.8109,0.8351
CSCO,Working Capital,11263000000.0,11231000000.0,12039000000.0
CSCO,Operating Cash Flow Ratio,0.1739,0.1817,0.1906
CSCO,Gross Margin,0.62,0.6336,0.6412
CSCO,Operating Margin,0.2422,0.2708,0.2797
CSCO,Net Profit Margin,0.204,0.2204,0.2603
CSCO,Interest Coverage Ratio,39.2804,42.2385,42.1171
CSCO,Net Current Asset Value,11263000000.0,11231000000.0,12039000000.0
CVS,Asset Turnover Ratio,0.3647,0.3634,0.3581
CVS,Operating Ratio,0.9555,0.9581,1.6782
CVS,Current Ratio,0.9154,0.8554,0.8601
CVS,Quick Ratio,0.6136,0.5862,0.6022
CVS,Cash Ratio,0.2361,0.2132,0.1985
CVS,Working Capital,-6348000000.0,-11450000000.0,-11410000000.0
CVS,Operating Cash Flow Ratio,0.0991,0.0746,0.0333
CVS,Gross Margin,0.1568,0.153,-0.5681
CVS,Operating Margin,0.0404,0.0364,0.0411
CVS,Net Profit Margin,0.025,0.0214,0.0252
CVS,Interest Coverage Ratio,8.18,6.3236,6.9509
CVS,Net Current Asset Value,-6348000000.0,-11450000000.0,-11410000000.0
CVX,Asset Turnover Ratio,0.1902,0.186,0.2014
CVX,Operating Ratio,0.8427,0.8671,0.8711
CVX,Current Ratio,1.4333,1.4336,0.4396
CVX,Quick Ratio,1.0321,0.9681,0.8397
CVX,Cash Ratio,0.4683,0.322,0.1785
CVX,Working Capital,14616000000.0,12943000000.0,-18642000000.0
CVX,Operating Cash Flow Ratio,0.2136,0.211,0.0003
CVX,Gross Margin,0.3257,0.3116,0.2999
CVX,Operating Margin,0.1972,0.1685,0.1705
CVX,Net Profit Margin,0.1346,0.1273,0.1257
CVX,Interest Coverage Ratio,83.8043,66.3375,77.6842
CVX,Net Current Asset Value,14616000000.0,12943000000.0,-18642000000.0
DE,Asset Turnover Ratio,0.1393,0.1831,0.154
DE,Operating Ratio,0.7651,0.746,0.7448
DE,Current Ratio,2.0702,1.9625,1.9822
DE,Quick Ratio,1.757,1.7014,1.743
DE,Cash Ratio,0.1504,0.1646,0.1897
DE,Working Capital,34355000000.0,35809000000.0,38394000000.0
DE,Operating Cash Flow Ratio,-0.0388,0.0295,0.0778
DE,Gross Margin,0.3729,0.3829,0.3806
DE,Operating Margin,0.2349,0.254,0.2722
DE,Net Profit Margin,0.1548,0.1645,0.1917
DE,Interest Coverage Ratio,7.2359,8.6432,7.6421
DE,Net Current Asset Value,34355000000.0,35809000000.0,38394000000.0
DHR,Asset Turnover Ratio,0.0846,0.0842,0.0796
DHR,Operating Ratio,0.7497,0.8003,0.7908
DHR,Current Ratio,1.8937,2.0777,2.2638
DHR,Quick Ratio,1.3393,1.52,1.7592
DHR,Cash Ratio,0.8452,1.0203,1.3107
DHR,Working Capital,7802000000.0,9057000000.0,11838000000.0
DHR,Operating Cash Flow Ratio,0.223,0.2292,0.1785
DHR,Gross Margin,0.6097,0.5646,0.582
DHR,Operating Margin,0.2503,0.1253,0.2092
DHR,Net Profit Margin,0.2023,0.1545,0.1643
DHR,Interest Coverage Ratio,35.3088,21.7761,27.2877
DHR,Net Current Asset Value,7802000000.0,9057000000.0,11838000000.0
DIS,Asset Turnover Ratio,0.1072,0.1093,0.1038
DIS,Operating Ratio,1.1214,1.1154,0.9229
DIS,Current Ratio,1.0074,1.0687,1.0522
DIS,Quick Ratio,0.8258,0.8702,0.8514
DIS,Cash Ratio,0.3707,0.4058,0.4554
DIS,Working Capital,207000000.0,1940000000.0,1624000000.0
DIS,Operating Cash Flow Ratio,0.1153,0.0992,0.1542
DIS,Gross Margin,0.1043,0.1183,0.0981
DIS,Operating Margin,0.119,-0.0069,0.1191
DIS,Net Profit Margin,0.0583,-0.0206,0.0124
DIS,Interest Coverage Ratio,12.1335,2.3678,7.8603
DIS,Net Current Asset Value,207000000.0,1940000000.0,1624000000.0
DOW,Asset Turnover Ratio,0.1977,0.1942,0.1841
DOW,Operating Ratio,0.9579,0.9255,0.9553
DOW,Current Ratio,1.8454,1.9224,1.7855
DOW,Quick Ratio,1.121,1.2932,1.2008
DOW,Cash Ratio,0.3762,0.4995,0.4805
DOW,Working Capital,8867000000.0,8900000000.0,8050000000.0
DOW,Operating Cash Flow Ratio,0.051,0.1396,0.1618
DOW,Gross Margin,0.1031,0.1353,0.1061
DOW,Operating Margin,0.0511,0.0623,0.0933
DOW,Net Profit Margin,-0.0062,0.0425,0.0281
DOW,Interest Coverage Ratio,6.7784,7.907,8.6354
DOW,Net Current Asset Value,8867000000.0,8900000000.0,8050000000.0
DUK,Asset Turnover Ratio,0.0408,0.0367,0.0443
DUK,Operating Ratio,0.7698,0.7873,1.0657
DUK,Current Ratio,0.7689,0.7533,0.7604
DUK,Quick Ratio,0.2573,-0.3085,-0.2824
DUK,Cash Ratio,0.0282,-0.5288,-0.5199
DUK,Working Capital,-3701000000.0,-4287000000.0,-4112000000.0
DUK,Operating Cash Flow Ratio,0.0926,0.1325,0.2054
DUK,Gross Margin,0.4523,0.469,0.6713
DUK,Operating Margin,0.2301,0.2174,0.2641
DUK,Net Profit Margin,0.1105,-0.0334,0.1566
DUK,Interest Coverage Ratio,4.2681,3.8006,4.4755
DUK,Net Current Asset Value,-3701000000.0,-4287000000.0,-4112000000.0
EMR,Asset Turnover Ratio,0.1038,0.0983,0.0941
EMR,Operating Ratio,0.8107,0.8041,0.8372
EMR,Current Ratio,1.1902,2.3828,2.7462
EMR,Quick Ratio,0.5797,1.8821,2.1004
EMR,Cash Ratio,0.271,1.5054,1.6
EMR,Working Capital,1436000000.0,9146000000.0,8787000000.0
EMR,Operating Cash Flow Ratio,0.009,0.12,-0.1278
EMR,Gross Margin,0.4795,0.5053,0.4919
EMR,Operating Margin,0.1893,0.1528,0.1704
EMR,Net Profit Margin,0.1345,2.37,0.1819
EMR,Interest Coverage Ratio,18.3774,86.0,17.9259
EMR,Net Current Asset Value,1436000000.0,9146000000.0,8787000000.0
EXC,Asset Turnover Ratio,0.0579,0.0494,0.0606
EXC,Operating Ratio,0.8012,0.8539,0.8122
EXC,Current Ratio,0.9611,0.9504,0.8544
EXC,Quick Ratio,0.4796,0.4321,0.4107
EXC,Cash Ratio,0.0645,0.0503,0.0341
EXC,Working Capital,-315000000.0,-394000000.0,-1281000000.0
EXC,Operating Cash Flow Ratio,0.0598,0.1609,0.174
EXC,Gross Margin,0.4172,0.3931,0.4007
EXC,Operating Margin,0.1988,0.1461,0.1878
EXC,Net Profit Margin,0.1203,0.0712,0.1171
EXC,Interest Coverage Ratio,5.0364,3.6792,4.6041
EXC,Net Current Asset Value,-315000000.0,-394000000.0,-1281000000.0
F,Asset Turnover Ratio,0.1618,0.172,0.164
F,Operating Ratio,0.9491,0.8947,0.9182
F,Current Ratio,1.2004,1.2049,1.2104
F,Quick Ratio,0.9883,0.9886,0.9855
F,Cash Ratio,0.412,0.4239,0.4101
F,Working Capital,19218000000.0,20697000000.0,21093000000.0
F,Operating Cash Flow Ratio,0.0292,0.0498,0.0458
F,Gross Margin,0.1114,0.1665,0.1428
F,Operating Margin,0.0509,0.0547,0.0258
F,Net Profit Margin,0.0424,0.0426,0.0274
F,Interest Coverage Ratio,13.2917,1.5737,0.982
F,Net Current Asset Value,19218000000.0,20697000000.0,21093000000.0
FDX,Asset Turnover Ratio,0.2587,0.2537,0.2482
FDX,Operating Ratio,0.9474,0.921,0.9267
FDX,Current Ratio,1.3214,1.3707,1.3675
FDX,Quick Ratio,1.1851,1.2551,1.2499
FDX,Cash Ratio,0.3957,0.5034,0.5108
FDX,Working Capital,4364000000.0,5024000000.0,5076000000.0
FDX,Operating Cash Flow Ratio,0.1676,0.2519,0.1615
FDX,Gross Margin,0.2064,0.2391,0.2174
FDX,Operating Margin,0.0116,0.0685,0.0685
FDX,Net Profit Margin,0.0348,0.0701,0.0497
FDX,Interest Coverage Ratio,-1.6837,-18.1796,inf
FDX,Net Current Asset Value,4364000000.0,5024000000.0,5076000000.0
GD,Asset Turnover Ratio,,,0.2002
GD,Operating Ratio,,1.7508,1.7432
GD,Current Ratio,,1.3942,1.4271
GD,Quick Ratio,,0.8475,0.8105
GD,Cash Ratio,,0.1316,0.0847
GD,Working Capital,,6104000000.0,6817000000.0
GD,Operating Cash Flow Ratio,,0.0944,0.0828
GD,Gross Margin,,0.1542,0.1568
GD,Operating Margin,,0.0949,0.1
GD,Net Profit Margin,,0.0739,0.0791
GD,Interest Coverage Ratio,,20.069,inf
GD,Net Current Asset Value,,6104000000.0,6817000000.0
GE,Asset Turnover Ratio,0.082,0.102,0.1085
GE,Operating Ratio,0.9656,0.9582,0.9439
GE,Current Ratio,1.2513,1.2516,1.1717
GE,Quick Ratio,0.8566,0.8409,0.7599
GE,Cash Ratio,0.5151,0.4916,0.419
GE,Working Capital,12108000000.0,12103000000.0,8270000000.0
GE,Operating Cash Flow Ratio,-0.0054,0.0099,0.0378
GE,Gross Margin,0.2593,0.2597,0.2561
GE,Operating Margin,0.073,0.0328,0.0093
GE,Net Profit Margin,0.5182,0.1032,0.0149
GE,Interest Coverage Ratio,5.8178,3.9625,2.4056
GE,Net Current Asset Value,12108000000.0,12103000000.0,8270000000.0
GILD,Asset Turnover Ratio,0.1016,0.1063,0.1131
GILD,Operating Ratio,0.656,0.7119,0.6152
GILD,Current Ratio,1.3651,1.1036,1.3406
GILD,Quick Ratio,0.9531,1.2843,0.9756
GILD,Cash Ratio,0.5578,0.9815,0.5746
GILD,Working Capital,3844000000.0,1447000000.0,4068000000.0
GILD,Operating Cash Flow Ratio,0.1657,0.1674,0.147
GILD,Gross Margin,0.7794,0.7815,0.778
GILD,Operating Margin,0.2684,0.2523,0.3721
GILD,Net Profit Margin,0.159,0.1584,0.3092
GILD,Interest Coverage Ratio,8.7435,8.9304,11.3836
GILD,Net Current Asset Value,3844000000.0,1447000000.0,4068000000.0
GM,Asset Turnover Ratio,0.1506,0.1649,0.1583
GM,Operating Ratio,0.9355,0.9377,0.9317
GM,Current Ratio,1.0959,1.1519,1.1436
GM,Quick Ratio,0.8227,0.8751,0.8781
GM,Cash Ratio,0.3128,0.3519,0.3602
GM,Working Capital,8647000000.0,14086000000.0,13901000000.0
GM,Operating Cash Flow Ratio,0.0342,0.0819,0.0681
GM,Gross Margin,0.1282,0.1195,0.1878
GM,Operating Margin,0.0645,0.0623,0.0683
GM,Net Profit Margin,0.0599,0.0573,0.0694
GM,Interest Coverage Ratio,24.8761,27.385,2.0474
GM,Net Current Asset Value,8647000000.0,14086000000.0,13901000000.0
GOOG,Asset Turnover Ratio,0.19,0.1983,0.1967
GOOG,Operating Ratio,0.7505,0.7073,0.7217
GOOG,Current Ratio,2.3526,2.1721,2.0431
GOOG,Quick Ratio,2.1951,2.0221,1.8652
GOOG,Cash Ratio,1.6717,1.5228,1.3898
GOOG,Working Capital,93131000000.0,91079000000.0,90015000000.0
GOOG,Operating Cash Flow Ratio,0.3414,0.3689,0.3552
GOOG,Gross Margin,0.5614,0.5722,0.5667
GOOG,Operating Margin,0.2495,0.2927,0.2783
GOOG,Net Profit Margin,0.2157,0.2462,0.2567
GOOG,Interest Coverage Ratio,269.9625,607.4419,216.75
GOOG,Net Current Asset Value,93131000000.0,91079000000.0,90015000000.0
GOOGL,Asset Turnover Ratio,0.19,0.1983,0.1967
GOOGL,Operating Ratio,0.7505,0.7073,0.7217
GOOGL,Current Ratio,2.3526,2.1721,2.0431
GOOGL,Quick Ratio,2.1951,2.0221,1.8652
GOOGL,Cash Ratio,1.6717,1.5228,1.3898
GOOGL,Working Capital,93131000000.0,91079000000.0,90015000000.0
GOOGL,Operating Cash Flow Ratio,0.3414,0.3689,0.3552
GOOGL,Gross Margin,0.5614,0.5722,0.5667
GOOGL,Operating Margin,0.2495,0.2927,0.2783
GOOGL,Net Profit Margin,0.2157,0.2462,0.2567
GOOGL,Interest Coverage Ratio,269.9625,607.4419,216.75
GOOGL,Net Current Asset Value,93131000000.0,91079000000.0,90015000000.0
GS,Asset Turnover Ratio,0.0082,0.007,0.0075
GS,Operating Ratio,0.6873,-0.4853,-0.3898
GS,Current Ratio,1.1299,1.3049,1.1796
GS,Quick Ratio,2.3807,1.3966,1.3047
GS,Cash Ratio,1.9426,0.9179,0.8682
GS,Working Capital,43000000000.0,100000000000.0,58000000000.0
GS,Operating Cash Flow Ratio,0.0284,0.0973,-0.0791
GS,Gross Margin,0.6437,0.6446,0.623
GS,Operating Margin,1.403,0.1593,0.2332
GS,Net Profit Margin,0.2646,0.1116,0.1742
GS,Interest Coverage Ratio,1.3502,0.1545,0.2037
GS,Net Current Asset Value,43000000000.0,100000000000.0,58000000000.0
HD,Asset Turnover Ratio,0.4674,0.4876,0.5618
HD,Operating Ratio,0.8674,0.851,0.8465
HD,Current Ratio,1.4051,1.2742,1.3138
HD,Quick Ratio,0.2628,0.2151,0.2745
HD,Cash Ratio,0.1193,0.0495,0.1162
HD,Working Capital,9361000000.0,6977000000.0,7603000000.0
HD,Operating Cash Flow Ratio,0.1988,0.2206,0.2721
HD,Gross Margin,0.3328,0.337,0.3299
HD,Operating Margin,0.1326,0.149,0.1535
HD,Net Profit Margin,0.0938,0.104,0.1086
HD,Interest Coverage Ratio,12.3149,13.4536,15.7441
HD,Net Current Asset Value,9361000000.0,6977000000.0,7603000000.0
HON,Asset Turnover Ratio,0.1451,0.1497,0.149
HON,Operating Ratio,0.8091,0.7941,0.7909
HON,Current Ratio,1.2578,1.4081,1.3537
HON,Quick Ratio,0.8439,0.9761,0.9152
HON,Cash Ratio,0.4046,0.5106,0.4606
HON,Working Capital,4614000000.0,7009000000.0,6093000000.0
HON,Operating Cash Flow Ratio,-0.0438,0.0792,0.105
HON,Gross Margin,0.3797,0.3849,0.3845
HON,Operating Margin,0.2202,0.1626,0.2091
HON,Net Profit Margin,0.1573,0.1626,0.1644
HON,Interest Coverage Ratio,13.1471,9.4706,10.8447
HON,Net Current Asset Value,4614000000.0,7009000000.0,6093000000.0
IBM,Asset Turnover Ratio,0.1093,0.1164,0.1128
IBM,Operating Ratio,0.9171,0.8603,0.8596
IBM,Current Ratio,1.161,1.0598,0.9052
IBM,Quick Ratio,0.9881,0.8993,0.7441
IBM,Cash Ratio,0.5612,0.5013,0.3587
IBM,Working Capital,4989000000.0,1945000000.0,-2901000000.0
IBM,Operating Cash Flow Ratio,0.1218,0.0811,0.0998
IBM,Gross Margin,0.5269,0.5493,0.5439
IBM,Operating Margin,0.1,0.1566,0.1162
IBM,Net Profit Margin,0.065,0.1023,0.1155
IBM,Interest Coverage Ratio,6.8093,8.2719,6.8131
IBM,Net Current Asset Value,4989000000.0,1945000000.0,-2901000000.0
INTC,Asset Turnover Ratio,0.0638,0.0698,0.0756
INTC,Operating Ratio,1.1198,1.063,0.9429
INTC,Current Ratio,1.7637,1.5951,1.5311
INTC,Quick Ratio,1.1456,1.0027,0.9741
INTC,Cash Ratio,1.0051,0.8925,0.8747
INTC,Working Capital,20921000000.0,16176000000.0,15197000000.0
INTC,Operating Cash Flow Ratio,-0.0652,0.1033,0.2035
INTC,Gross Margin,0.3421,0.3582,0.4251
INTC,Operating Margin,-0.1288,-0.0785,-0.0006
INTC,Net Profit Margin,-0.2363,0.1144,0.021
INTC,Interest Coverage Ratio,4.4404,5.8879,11.9559
INTC,Net Current Asset Value,20921000000.0,16176000000.0,15197000000.0
JNJ,Asset Turnover Ratio,,,0.118
JNJ,Operating Ratio,,0.7332,0.7238
JNJ,Current Ratio,,1.0665,1.2103
JNJ,Quick Ratio,,0.6785,0.8634
JNJ,Cash Ratio,,0.4077,0.5299
JNJ,Working Capital,,4015000000.0,9333000000.0
JNJ,Operating Cash Flow Ratio,,0.0539,0.1688
JNJ,Gross Margin,,0.6608,0.6906
JNJ,Operating Margin,,0.2676,0.2933
JNJ,Net Profit Margin,,-0.0027,1.2191
JNJ,Interest Coverage Ratio,,39.5395,42.1406
JNJ,Net Current Asset Value,,4015000000.0,9333000000.0
JPM,Asset Turnover Ratio,0.0104,0.0109,0.0103
JPM,Operating Ratio,-0.4383,-0.0126,-0.4905
JPM,Current Ratio,2.8925,2.6655,2.6762
JPM,Quick Ratio,2.8925,2.6655,2.6762
JPM,Cash Ratio,2.3423,2.1295,2.099
JPM,Working Capital,600520000000.0,546207000000.0,565770000000.0
JPM,Operating Cash Flow Ratio,-0.3506,0.0575,0.1337
JPM,Gross Margin,0.914,0.9192,0.9101
JPM,Operating Margin,0.8412,0.9067,0.4196
JPM,Net Profit Margin,0.3291,0.3504,0.3298
JPM,Interest Coverage Ratio,0.9537,1.9108,0.7665
JPM,Net Current Asset Value,600520000000.0,546207000000.0,565770000000.0
KHC,Asset Turnover Ratio,0.0715,0.0739,0.0728
KHC,Operating Ratio,0.8084,0.7953,0.7998
KHC,Current Ratio,0.9176,0.9534,1.0044
KHC,Quick Ratio,0.3476,0.3797,0.4043
KHC,Cash Ratio,0.0922,0.1129,0.1348
KHC,Working Capital,-738000000.0,-391000000.0,34000000.0
KHC,Operating Cash Flow Ratio,0.0543,0.1309,0.1328
KHC,Gross Margin,0.3256,0.3364,0.3402
KHC,Operating Margin,0.1916,0.2047,0.0994
KHC,Net Profit Margin,0.1288,0.1488,0.0399
KHC,Interest Coverage Ratio,6.5991,6.9825,4.0658
KHC,Net Current Asset Value,-738000000.0,-391000000.0,34000000.0
KO,Asset Turnover Ratio,0.1155,0.1223,0.1219
KO,Operating Ratio,0.7393,0.7994,0.6964
KO,Current Ratio,1.1508,1.1441,1.1417
KO,Quick Ratio,0.8089,0.8154,0.7755
KO,Cash Ratio,0.612,0.6508,0.6323
KO,Working Capital,3523000000.0,3476000000.0,3458000000.0
KO,Operating Cash Flow Ratio,0.0069,0.1853,0.1762
KO,Gross Margin,0.6068,0.5897,0.6104
KO,Operating Margin,0.3066,0.2006,0.2736
KO,Net Profit Margin,0.283,0.2127,0.2583
KO,Interest Coverage Ratio,9.8199,7.1711,9.6739
KO,Net Current Asset Value,3523000000.0,3476000000.0,3458000000.0
LIN,Asset Turnover Ratio,0.1024,0.1032,0.1042
LIN,Operating Ratio,0.7613,0.7489,0.7501
LIN,Current Ratio,0.7256,0.7842,0.8288
LIN,Quick Ratio,0.5561,0.5712,0.6169
LIN,Cash Ratio,0.279,0.2307,0.275
LIN,Working Capital,-4881000000.0,-3141000000.0,-2425000000.0
LIN,Operating Cash Flow Ratio,0.1073,0.1477,0.1779
LIN,Gross Margin,0.4592,0.4739,0.471
LIN,Operating Margin,0.2359,0.2451,0.2516
LIN,Net Profit Margin,0.185,0.192,0.1919
LIN,Interest Coverage Ratio,79.0811,57.1346,75.275
LIN,Net Current Asset Value,-4881000000.0,-3141000000.0,-2425000000.0
LLY,Asset Turnover Ratio,0.1356,0.154,0.1685
LLY,Operating Ratio,0.7703,0.7326,0.6394
LLY,Current Ratio,1.2999,1.1278,1.0459
LLY,Quick Ratio,0.7927,0.6344,0.5845
LLY,Cash Ratio,0.2292,0.1496,0.1134
LLY,Working Capital,4801400000.0,2416600000.0,1008800000.0
LLY,Operating Cash Flow Ratio,0.1081,0.0334,0.0
LLY,Gross Margin,0.7663,0.7826,0.8042
LLY,Operating Margin,0.2147,0.2557,0.0474
LLY,Net Profit Margin,0.1932,0.2121,-0.006
LLY,Interest Coverage Ratio,16.5759,20.7149,inf
LLY,Net Current Asset Value,4801400000.0,2416600000.0,1008800000.0
LMT,Asset Turnover Ratio,0.2814,0.2992,0.297
LMT,Operating Ratio,0.8653,0.8721,0.879
LMT,Current Ratio,1.304,1.3605,1.3565
LMT,Quick Ratio,1.0724,1.1358,1.1377
LMT,Cash Ratio,0.1437,0.2075,0.2065
LMT,Working Capital,5162000000.0,6383000000.0,6129000000.0
LMT,Operating Cash Flow Ratio,0.0921,0.0621,0.1681
LMT,Gross Margin,0.1353,0.1252,0.1213
LMT,Operating Margin,0.1347,0.1279,0.121
LMT,Net Profit Margin,0.1117,0.1007,0.0998
LMT,Interest Coverage Ratio,11.6931,11.0717,-10.0928
LMT,Net Current Asset Value,5162000000.0,6383000000.0,6129000000.0
LOW,Asset Turnover Ratio,0.495,0.4987,0.5519
LOW,Operating Ratio,0.9241,0.8529,0.8443
LOW,Current Ratio,1.099,1.2451,1.2625
LOW,Quick Ratio,0.0888,0.1756,0.2196
LOW,Cash Ratio,0.0888,0.1756,0.2196
LOW,Working Capital,1931000000.0,4708000000.0,4624000000.0
LOW,Operating Cash Flow Ratio,0.0231,0.1096,0.2193
LOW,Gross Margin,0.3233,0.3368,0.3366
LOW,Operating Margin,0.0759,0.1471,0.1557
LOW,Net Profit Margin,0.0426,0.1011,0.1071
LOW,Interest Coverage Ratio,6.457,10.7536,11.6011
LOW,Net Current Asset Value,1931000000.0,4708000000.0,4624000000.0
MA,Asset Turnover Ratio,0.148,0.1609,0.1661
MA,Operating Ratio,0.6658,0.6521,0.6524
MA,Current Ratio,1.2028,1.1294,1.1697
MA,Quick Ratio,0.7676,0.7022,0.7863
MA,Cash Ratio,0.5104,0.4451,0.516
MA,Working Capital,2769000000.0,1894000000.0,2464000000.0
MA,Operating Cash Flow Ratio,0.1406,0.1843,0.2227
MA,Gross Margin,0.7519,0.7615,0.7592
MA,Operating Margin,0.5456,0.5832,0.5884
MA,Net Profit Margin,0.4108,0.4538,0.4895
MA,Interest Coverage Ratio,26.8485,26.7222,26.8543
MA,Net Current Asset Value,2769000000.0,1894000000.0,2464000000.0
MCD,Asset Turnover Ratio,0.1151,0.1268,0.1305
MCD,Operating Ratio,0.5706,0.5223,0.5206
MCD,Current Ratio,1.4701,1.3462,1.7113
MCD,Quick Ratio,1.2506,1.0396,1.4349
MCD,Cash Ratio,0.8018,0.4425,0.8735
MCD,Working Capital,2174000000.0,1271700000.0,2847300000.0
MCD,Operating Cash Flow Ratio,0.5234,0.4555,0.018
MCD,Gross Margin,0.5618,0.5742,0.5773
MCD,Operating Margin,0.4294,0.4777,0.4794
MCD,Net Profit Margin,0.3056,0.3556,0.3462
MCD,Interest Coverage Ratio,7.9821,9.689,9.7006
MCD,Net Current Asset Value,2174000000.0,1271700000.0,2847300000.0
MDLZ,Asset Turnover Ratio,0.1274,0.1175,0.1264
MDLZ,Operating Ratio,0.8307,0.8298,0.8366
MDLZ,Current Ratio,0.6838,0.6456,0.6081
MDLZ,Quick Ratio,0.3361,0.2926,0.3116
MDLZ,Cash Ratio,0.1034,0.0823,0.085
MDLZ,Working Capital,-5860000000.0,-6380000000.0,-7421000000.0
MDLZ,Operating Cash Flow Ratio,0.0606,0.0472,0.0622
MDLZ,Gross Margin,0.376,0.3943,0.387
MDLZ,Operating Margin,0.1642,0.1675,0.1527
MDLZ,Net Profit Margin,0.171,0.111,0.109
MDLZ,Interest Coverage Ratio,19.7263,11.8276,25.5758
MDLZ,Net Current Asset Value,-5860000000.0,-6380000000.0,-7421000000.0
MDT,Asset Turnover Ratio,0.0825,0.0923,0.0848
MDT,Operating Ratio,0.8151,0.7859,0.823
MDT,Current Ratio,1.7587,2.3948,2.4173
MDT,Quick Ratio,1.1804,1.542,1.5123
MDT,Cash Ratio,0.7722,0.8794,0.8706
MDT,Working Capital,10942000000.0,12624000000.0,12822000000.0
MDT,Operating Cash Flow Ratio,0.1091,0.2718,0.0967
MDT,Gross Margin,0.652,0.6512,0.6588
MDT,Operating Margin,0.1801,0.1832,0.1646
MDT,Net Profit Margin,0.1581,0.138,0.1027
MDT,Interest Coverage Ratio,13.5269,14.3369,13.1081
MDT,Net Current Asset Value,10942000000.0,12624000000.0,12822000000.0
MET,Asset Turnover Ratio,0.023,0.0246,0.0239
MET,Operating Ratio,-0.9674,-1.0119,-1.0049
MET,Current Ratio,1935.631,1624.57,1299.5182
MET,Quick Ratio,1935.631,1624.57,1415.4227
MET,Cash Ratio,1824.369,1530.975,1329.05
MET,Working Capital,325018000000.0,324714000000.0,285674000000.0
MET,Operating Cash Flow Ratio,12.0595,15.19,
MET,Gross Margin,1.0,1.0,1.0
MET,Operating Margin,0.0326,-0.0119,-0.0049
MET,Net Profit Margin,0.0052,0.0242,0.0308
MET,Interest Coverage Ratio,1.9882,-0.7695,-0.2943
MET,Net Current Asset Value,325018000000.0,324714000000.0,285674000000.0
META,Asset Turnover Ratio,0.1547,0.1636,0.1615
META,Operating Ratio,0.7477,0.7065,0.5974
META,Current Ratio,2.0678,2.3248,2.5672
META,Quick Ratio,1.9102,2.2044,2.426
META,Cash Ratio,1.4751,1.7862,2.002
META,Working Capital,27102000000.0,39639000000.0,47847000000.0
META,Operating Cash Flow Ratio,0.5515,0.5785,0.6682
META,Gross Margin,0.7868,0.8142,0.8181
META,Operating Margin,0.2523,0.2935,0.4026
META,Net Profit Margin,0.1993,0.2434,0.3392
META,Interest Coverage Ratio,177.2909,103.5776,119.4748
META,Net Current Asset Value,27102000000.0,39639000000.0,47847000000.0
MMM,Asset Turnover Ratio,0.1721,0.1739,0.1688
MMM,Operating Ratio,0.8455,2.076,1.3236
MMM,Current Ratio,1.4175,1.4406,1.0473
MMM,Quick Ratio,0.8154,0.8468,0.6508
MMM,Cash Ratio,0.376,0.3945,0.3371
MMM,Working Capital,4407000000.0,4818000000.0,732000000.0
MMM,Operating Cash Flow Ratio,0.1208,0.138,0.1235
MMM,Gross Margin,0.4256,0.4467,0.449
MMM,Operating Margin,0.1545,-1.076,-0.3193
MMM,Net Profit Margin,0.1215,-0.8217,-0.2496
MMM,Interest Coverage Ratio,13.878,-59.0903,-6.9704
MMM,Net Current Asset Value,4407000000.0,4818000000.0,732000000.0
MO,Asset Turnover Ratio,0.1291,0.147,0.1706
MO,Operating Ratio,0.4212,0.4658,0.5082
MO,Current Ratio,0.782,0.3719,0.3266
MO,Quick Ratio,0.6187,0.2323,0.1481
MO,Cash Ratio,0.4278,0.0749,0.1481
MO,Working Capital,-1994000000.0,-7326000000.0,-6991000000.0
MO,Operating Cash Flow Ratio,0.3263,0.0106,0.2844
MO,Gross Margin,0.6989,0.6909,0.5889
MO,Operating Margin,0.5788,0.5342,0.4918
MO,Net Profit Margin,0.3752,0.3893,0.3448
MO,Interest Coverage Ratio,11.9039,11.5447,11.511
MO,Net Current Asset Value,-1994000000.0,-7326000000.0,-6991000000.0
MRK,Asset Turnover Ratio,0.1335,0.1417,0.1583
MRK,Operating Ratio,0.7373,1.3334,0.6321
MRK,Current Ratio,1.444,1.2814,1.3836
MRK,Quick Ratio,0.8993,0.7441,0.83
MRK,Cash Ratio,0.4491,0.2726,0.3799
MRK,Working Capital,10271000000.0,6583000000.0,8860000000.0
MRK,Operating Cash Flow Ratio,0.0579,0.1583,0.0
MRK,Gross Margin,0.729,0.7324,0.7329
MRK,Operating Margin,0.1989,-0.3233,0.3758
MRK,Net Profit Margin,0.1947,-0.3974,0.2973
MRK,Interest Coverage Ratio,17.0617,-14.2888,inf
MRK,Net Current Asset Value,10271000000.0,6583000000.0,8860000000.0
MS,Asset Turnover Ratio,0.0115,0.0106,0.0106
MS,Operating Ratio,1.3261,1.4293,-0.1731
MS,Current Ratio,0.0032,0.4725,inf
MS,Quick Ratio,0.7742,0.7714,inf
MS,Cash Ratio,0.4468,0.4296,inf
MS,Working Capital,-225549000000.0,-117214000000.0,108401000000.0
MS,Operating Cash Flow Ratio,-0.0436,-0.0435,
MS,Gross Margin,0.4456,0.4039,0.4242
MS,Operating Margin,0.2283,0.1667,0.2511
MS,Net Profit Margin,0.2185,0.1734,0.1939
MS,Interest Coverage Ratio,0.5045,0.3009,0.2752
MS,Net Current Asset Value,-225549000000.0,-117214000000.0,108401000000.0
MSFT,Asset Turnover Ratio,0.142,0.1419,0.1318
MSFT,Operating Ratio,0.5756,0.5673,0.5284
MSFT,Current Ratio,1.9126,1.7692,1.6635
MSFT,Quick Ratio,1.6553,1.5358,1.4496
MSFT,Cash Ratio,1.2186,1.0683,1.1535
MSFT,Working Capital,78198000000.0,80108000000.0,82794000000.0
MSFT,Operating Cash Flow Ratio,0.2852,0.2762,0.2451
MSFT,Gross Margin,0.6949,0.6984,0.7116
MSFT,Operating Margin,0.4229,0.4108,0.4759
MSFT,Net Profit Margin,0.3462,0.3574,0.3944
MSFT,Interest Coverage Ratio,52.2198,55.1784,58.6971
MSFT,Net Current Asset Value,78198000000.0,80108000000.0,82794000000.0
NEE,Asset Turnover Ratio,0.0414,0.0441,0.0422
NEE,Operating Ratio,0.557,0.6199,0.745
NEE,Current Ratio,0.5339,0.5276,0.4999
NEE,Quick Ratio,0.2446,0.2481,0.2291
NEE,Cash Ratio,0.0896,0.0634,0.055
NEE,Working Capital,-11828000000.0,-11749000000.0,-14252000000.0
NEE,Operating Cash Flow Ratio,0.0659,0.1241,0.1286
NEE,Gross Margin,0.6376,0.6617,0.6166
NEE,Operating Margin,0.4381,0.3809,0.256
NEE,Net Profit Margin,0.3106,0.3803,0.17
NEE,Interest Coverage Ratio,3.5156,34.1926,148.5385
NEE,Net Current Asset Value,-11828000000.0,-11749000000.0,-14252000000.0
NFLX,Asset Turnover Ratio,0.1664,0.1632,0.1703
NFLX,Operating Ratio,0.79,0.7768,0.7756
NFLX,Current Ratio,1.2605,1.3263,1.2927
NFLX,Quick Ratio,1.0646,4.7371,1.0802
NFLX,Cash Ratio,0.9413,0.9886,0.9435
NFLX,Working Capital,2166553000.0,2830531000.0,2440756000.0
NFLX,Operating Cash Flow Ratio,0.262,0.166,0.2389
NFLX,Gross Margin,0.4114,0.4292,0.4227
NFLX,Operating Margin,0.21,0.2232,0.2244
NFLX,Net Profit Margin,0.1599,0.1817,0.1964
NFLX,Interest Coverage Ratio,21.4495,30.6246,31.7858
NFLX,Net Current Asset Value,2166553000.0,2830531000.0,2440756000.0
NKE,Asset Turnover Ratio,0.3179,0.3383,0.3482
NKE,Operating Ratio,0.886,0.9048,0.876
NKE,Current Ratio,2.7267,2.7228,2.8661
NKE,Quick Ratio,1.604,1.5996,1.6002
NKE,Cash Ratio,1.1313,1.1533,1.0389
NKE,Working Capital,16487000000.0,15946000000.0,15789000000.0
NKE,Operating Cash Flow Ratio,0.2336,0.2434,-0.0078
NKE,Gross Margin,0.4335,0.4363,0.4421
NKE,Operating Margin,0.1023,0.0768,0.124
NKE,Net Profit Margin,0.1001,0.0804,0.1121
NKE,Interest Coverage Ratio,-21.7231,-48.84,-52.6471
NKE,Net Current Asset Value,16487000000.0,15946000000.0,15789000000.0
NVDA,Asset Turnover Ratio,0.1482,0.168,0.2873
NVDA,Operating Ratio,0.7923,0.7024,0.4966
NVDA,Current Ratio,3.5156,3.4274,2.7866
NVDA,Quick Ratio,2.609,2.6722,2.2343
NVDA,Cash Ratio,2.0259,2.1102,1.5505
NVDA,Working Capital,16510000000.0,17623000000.0,18463000000.0
NVDA,Operating Cash Flow Ratio,0.3427,0.401,0.6143
NVDA,Gross Margin,0.6334,0.6463,0.7005
NVDA,Operating Margin,0.2077,0.2976,0.5034
NVDA,Net Profit Margin,0.2337,0.2841,0.4581
NVDA,Interest Coverage Ratio,27.3846,40.2879,110.2308
NVDA,Net Current Asset Value,16510000000.0,17623000000.0,18463000000.0
ORCL,Asset Turnover Ratio,0.0953,0.104,0.0919
ORCL,Operating Ratio,0.7233,0.6876,0.7234
ORCL,Current Ratio,0.8171,0.9097,0.8742
ORCL,Quick Ratio,0.6548,0.7407,0.7336
ORCL,Cash Ratio,0.3833,0.4412,0.4765
ORCL,Working Capital,-4184000000.0,-2086000000.0,-3191000000.0
ORCL,Operating Cash Flow Ratio,0.1868,0.2446,0.275
ORCL,Gross Margin,0.7226,0.7304,0.7101
ORCL,Operating Margin,0.2629,0.2992,0.2647
ORCL,Net Profit Margin,0.1528,0.2399,0.1943
ORCL,Interest Coverage Ratio,5.075,6.8366,5.4713
ORCL,Net Current Asset Value,-4184000000.0,-2086000000.0,-3191000000.0
PEP,Asset Turnover Ratio,0.1927,0.2363,0.2395
PEP,Operating Ratio,0.8527,0.8361,0.8286
PEP,Current Ratio,0.868,0.8425,0.8772
PEP,Quick Ratio,0.6066,0.6047,0.6756
PEP,Cash Ratio,0.2014,0.2179,0.3148
PEP,Working Capital,-3410000000.0,-4664000000.0,-4011000000.0
PEP,Operating Cash Flow Ratio,-0.0152,0.0814,0.1718
PEP,Gross Margin,0.5524,0.5466,0.5448
PEP,Operating Margin,0.1473,0.1639,0.1712
PEP,Net Profit Margin,0.1083,0.1231,0.1318
PEP,Interest Coverage Ratio,16.98,22.5323,24.1592
PEP,Net Current Asset Value,-3410000000.0,-4664000000.0,-4011000000.0
PFE,Asset Turnover Ratio,,,0.0636
PFE,Operating Ratio,,0.6516,1.2424
PFE,Current Ratio,,1.3697,2.117
PFE,Quick Ratio,,0.9687,1.6801
PFE,Cash Ratio,,0.5463,1.2926
PFE,Working Capital,,13516000000.0,38700000000.0
PFE,Operating Cash Flow Ratio,,0.0331,-0.0349
PFE,Gross Margin,,0.7327,0.2995
PFE,Operating Margin,,0.3989,-0.1498
PFE,Net Profit Margin,,0.3032,-0.18
PFE,Interest Coverage Ratio,,26.4025,-1.1554
PFE,Net Current Asset Value,,13516000000.0,38700000000.0
PG,Asset Turnover Ratio,0.1689,0.1708,0.1797
PG,Operating Ratio,0.7883,0.7975,0.7364
PG,Current Ratio,0.5865,0.6334,0.6712
PG,Quick Ratio,0.3436,0.3836,0.4292
PG,Cash Ratio,0.1997,0.2306,0.2619
PG,Working Capital,-15725000000.0,-13108000000.0,-12218000000.0
PG,Operating Cash Flow Ratio,0.1016,0.1494,0.132
PG,Gross Margin,0.4816,0.4836,0.5199
PG,Operating Margin,0.2117,0.2025,0.2637
PG,Net Profit Margin,0.1693,0.1646,0.2067
PG,Interest Coverage Ratio,23.4324,20.2833,28.7511
PG,Net Current Asset Value,-15725000000.0,-13108000000.0,-12218000000.0
PM,Asset Turnover Ratio,0.1296,0.1447,0.1465
PM,Operating Ratio,0.6622,0.7145,0.6322
PM,Current Ratio,0.8515,0.8533,0.8908
PM,Quick Ratio,0.3057,0.3658,0.3623
PM,Cash Ratio,0.1056,0.1502,0.14
PM,Working Capital,-3414000000.0,-3409000000.0,-2354000000.0
PM,Operating Cash Flow Ratio,-0.0415,0.1481,0.1585
PM,Gross Margin,0.6211,0.64,0.6538
PM,Operating Margin,0.3406,0.2862,0.3687
PM,Net Profit Margin,0.2488,0.1749,0.2247
PM,Interest Coverage Ratio,11.7783,8.6195,14.5556
PM,Net Current Asset Value,-3414000000.0,-3409000000.0,-2354000000.0
PYPL,Asset Turnover Ratio,0.0903,0.096,0.0982
PYPL,Operating Ratio,0.8348,0.8412,0.8373
PYPL,Current Ratio,1.2881,1.2963,1.3037
PYPL,Quick Ratio,1.2386,1.2433,1.2024
PYPL,Cash Ratio,0.2425,0.2369,0.2657
PYPL,Working Capital,12651000000.0,12371000000.0,13193000000.0
PYPL,Operating Cash Flow Ratio,0.0266,-0.0048,0.029
PYPL,Gross Margin,0.4709,0.4594,0.4542
PYPL,Operating Margin,0.1419,0.1555,0.1575
PYPL,Net Profit Margin,0.1129,0.1412,0.1375
PYPL,Interest Coverage Ratio,17.7816,16.1149,16.7209
PYPL,Net Current Asset Value,12651000000.0,12371000000.0,13193000000.0
QCOM,Asset Turnover Ratio,0.1886,0.1736,0.1725
QCOM,Operating Ratio,0.7747,0.7848,0.8365
QCOM,Current Ratio,2.4247,2.4195,2.3332
QCOM,Quick Ratio,1.318,1.4748,1.5068
QCOM,Cash Ratio,0.8487,1.0199,1.1762
QCOM,Working Capital,11207000000.0,12013000000.0,12836000000.0
QCOM,Operating Cash Flow Ratio,0.1852,0.314,0.4248
QCOM,Gross Margin,0.5522,0.5513,0.5505
QCOM,Operating Margin,0.2253,0.2157,0.1635
QCOM,Net Profit Margin,0.1837,0.2133,0.1725
QCOM,Interest Coverage Ratio,14.3017,13.3837,10.7644
QCOM,Net Current Asset Value,11207000000.0,12013000000.0,12836000000.0
RTX,Asset Turnover Ratio,0.1074,0.1131,0.083
RTX,Operating Ratio,0.904,0.9204,1.1037
RTX,Current Ratio,1.134,1.0995,1.0337
RTX,Quick Ratio,0.715,0.6768,0.6269
RTX,Cash Ratio,0.1469,0.1291,0.1212
RTX,Working Capital,5376000000.0,4155000000.0,1516000000.0
RTX,Operating Cash Flow Ratio,-0.0215,0.0172,0.0737
RTX,Gross Margin,0.2073,0.2073,0.053
RTX,Operating Margin,0.096,0.0796,-0.1037
RTX,Net Profit Margin,0.0828,0.0725,-0.0731
RTX,Interest Coverage Ratio,9.9365,8.8559,-0.8726
RTX,Net Current Asset Value,5376000000.0,4155000000.0,1516000000.0
SBUX,Asset Turnover Ratio,,,0.3229
SBUX,Operating Ratio,,0.8631,0.8307
SBUX,Current Ratio,,0.7725,0.7815
SBUX,Quick Ratio,,0.5083,0.5497
SBUX,Cash Ratio,,0.3783,0.423
SBUX,Working Capital,,-2075600000.0,-2041900000.0
SBUX,Operating Cash Flow Ratio,,0.0842,0.2081
SBUX,Gross Margin,,0.2617,0.2901
SBUX,Operating Margin,,0.1522,0.182
SBUX,Net Profit Margin,,0.1042,0.1301
SBUX,Interest Coverage Ratio,,11.9604,14.544
SBUX,Net Current Asset Value,,-2075600000.0,-2041900000.0
SCHW,Asset Turnover Ratio,0.0094,0.0089,0.0179
SCHW,Operating Ratio,0.6476,0.2017,0.7759
SCHW,Current Ratio,20.278,17.609,7.6701
SCHW,Quick Ratio,35.8765,30.4664,719.6495
SCHW,Cash Ratio,26.9405,22.1453,7.6701
SCHW,Working Capital,136315000000.0,130065000000.0,647000000.0
SCHW,Operating Cash Flow Ratio,1.3827,-0.6661,0.0
SCHW,Gross Margin,0.571,0.5513,0.4898
SCHW,Operating Margin,0.656,0.753,-0.2903
SCHW,Net Profit Margin,0.3133,0.2779,0.2442
SCHW,Interest Coverage Ratio,2.9438,2.1107,-0.5609
SCHW,Net Current Asset Value,136315000000.0,130065000000.0,647000000.0
SO,Asset Turnover Ratio,0.0481,0.0423,0.0507
SO,Operating Ratio,0.8185,0.7756,0.6977
SO,Current Ratio,0.6878,0.8292,0.8391
SO,Quick Ratio,0.3205,0.4433,0.4302
SO,Cash Ratio,0.0758,0.1603,0.1268
SO,Working Capital,-4338000000.0,-2261000000.0,-2126000000.0
SO,Operating Cash Flow Ratio,0.0608,0.1553,0.2149
SO,Gross Margin,0.4137,0.477,0.5378
SO,Operating Margin,0.188,0.2244,0.3023
SO,Net Profit Margin,0.133,0.1458,0.2037
SO,Interest Coverage Ratio,4.4742,4.0869,5.4403
SO,Net Current Asset Value,-4338000000.0,-2261000000.0,-2126000000.0
SPG,Asset Turnover Ratio,0.0407,0.0414,0.0429
SPG,Operating Ratio,0.5094,0.5196,0.508
SPG,Current Ratio,0.6329,0.4779,0.4506
SPG,Quick Ratio,0.6329,0.4779,0.4506
SPG,Cash Ratio,0.3779,0.254,0.227
SPG,Working Capital,-1122629000.0,-1721058000.0,-1861212000.0
SPG,Operating Cash Flow Ratio,0.271,0.3426,0.294
SPG,Gross Margin,0.8186,0.8152,0.8214
SPG,Operating Margin,0.4906,0.4804,0.492
SPG,Net Profit Margin,0.3351,0.3557,0.0
SPG,Interest Coverage Ratio,4.9726,4.482,-4.757
SPG,Net Current Asset Value,-1122629000.0,-1721058000.0,-1861212000.0
T,Asset Turnover Ratio,0.075,0.0739,0.0745
T,Operating Ratio,0.8009,0.7859,0.7896
T,Current Ratio,0.5142,0.6771,0.6892
T,Quick Ratio,0.2242,0.3477,0.3193
T,Cash Ratio,0.0485,0.1759,0.1459
T,Working Capital,-28247000000.0,-17487000000.0,-16064000000.0
T,Operating Cash Flow Ratio,0.1148,0.1832,0.2
T,Gross Margin,0.5909,0.6047,0.6028
T,Operating Margin,0.1991,0.2141,0.1905
T,Net Profit Margin,0.1403,0.15,0.1152
T,Interest Coverage Ratio,7.0878,6.8912,6.3099
T,Net Current Asset Value,-28247000000.0,-17487000000.0,-16064000000.0
TGT,Asset Turnover Ratio,0.5763,0.4801,0.4703
TGT,Operating Ratio,0.9631,0.9476,0.9517
TGT,Current Ratio,0.9152,0.8828,0.8327
TGT,Quick Ratio,0.2701,0.0739,0.1219
TGT,Cash Ratio,0.1832,0.0739,0.1219
TGT,Working Capital,-1654000000.0,-2094000000.0,-3234000000.0
TGT,Operating Cash Flow Ratio,0.1777,0.0708,0.1103
TGT,Gross Margin,0.2373,0.2739,0.2816
TGT,Operating Margin,0.0369,0.0524,0.0483
TGT,Net Profit Margin,0.0279,0.0375,0.0337
TGT,Interest Coverage Ratio,14.4806,13.7279,13.3333
TGT,Net Current Asset Value,-1654000000.0,-2094000000.0,-3234000000.0
TMO,Asset Turnover Ratio,0.1116,0.1132,0.1106
TMO,Operating Ratio,0.8436,0.8352,0.8158
TMO,Current Ratio,1.2723,1.4169,1.631
TMO,Quick Ratio,0.718,0.7902,1.0256
TMO,Cash Ratio,0.2192,0.222,0.4345
TMO,Working Capital,4325000000.0,5883000000.0,8934000000.0
TMO,Operating Cash Flow Ratio,0.0459,0.1091,0.1705
TMO,Gross Margin,0.399,0.4083,0.4189
TMO,Operating Margin,0.1459,0.1477,0.1763
TMO,Net Profit Margin,0.1204,0.1274,0.1622
TMO,Interest Coverage Ratio,8.78,7.4632,7.5682
TMO,Net Current Asset Value,4325000000.0,5883000000.0,8934000000.0
TMUS,Asset Turnover Ratio,0.0932,0.0912,0.0919
TMUS,Operating Ratio,0.8291,0.8015,0.8132
TMUS,Current Ratio,0.7916,0.8237,0.8599
TMUS,Quick Ratio,0.5837,0.652,0.6448
TMUS,Cash Ratio,0.1904,0.2705,0.2317
TMUS,Working Capital,-4970000000.0,-4332000000.0,-3042000000.0
TMUS,Operating Cash Flow Ratio,0.1699,0.1773,0.2438
TMUS,Gross Margin,0.6104,0.6351,0.6294
TMUS,Operating Margin,0.173,0.1976,0.1868
TMUS,Net Profit Margin,0.0988,0.1157,0.1113
TMUS,Interest Coverage Ratio,7.8647,8.0174,8.5861
TMUS,Net Current Asset Value,-4970000000.0,-4332000000.0,-3042000000.0
TSLA,Asset Turnover Ratio,0.2758,0.281,0.2531
TSLA,Operating Ratio,0.8858,0.9038,0.9245
TSLA,Current Ratio,1.5672,1.5901,1.6902
TSLA,Quick Ratio,0.9256,0.9612,1.0735
TSLA,Cash Ratio,0.8165,0.8363,0.9789
TSLA,Working Capital,15561000000.0,16283000000.0,18386000000.0
TSLA,Operating Cash Flow Ratio,0.0916,0.1111,0.1242
TSLA,Gross Margin,0.1934,0.1819,0.1789
TSLA,Operating Margin,0.1142,0.0962,0.0755
TSLA,Net Profit Margin,0.1077,0.1084,0.0794
TSLA,Interest Coverage Ratio,133.6207,147.1071,78.9211
TSLA,Net Current Asset Value,15561000000.0,16283000000.0,18386000000.0
TXN,Asset Turnover Ratio,0.1552,0.1506,0.1448
TXN,Operating Ratio,0.5583,0.5648,0.5825
TXN,Current Ratio,5.1732,5.7226,5.6927
TXN,Quick Ratio,3.9332,4.2449,4.1192
TXN,Cash Ratio,3.2868,3.5234,3.3741
TXN,Working Capital,12119000000.0,12803000000.0,12445000000.0
TXN,Operating Cash Flow Ratio,0.3994,0.516,0.7304
TXN,Gross Margin,0.6538,0.6422,0.6211
TXN,Operating Margin,0.4417,0.4352,0.4175
TXN,Net Profit Margin,0.39,0.38,0.3771
TXN,Interest Coverage Ratio,33.75,26.8652,22.5714
TXN,Net Current Asset Value,12119000000.0,12803000000.0,12445000000.0
UNH,Asset Turnover Ratio,0.3443,0.3256,0.3286
UNH,Operating Ratio,0.92,0.9244,0.9077
UNH,Current Ratio,0.8061,0.7954,0.8049
UNH,Quick Ratio,0.9908,0.9781,0.5673
UNH,Cash Ratio,0.7984,0.8192,0.3862
UNH,Working Capital,-22587000000.0,-23112000000.0,-22274000000.0
UNH,Operating Cash Flow Ratio,0.1402,0.0976,0.0604
UNH,Gross Margin,0.2401,0.2372,0.2532
UNH,Operating Margin,0.0887,0.0878,0.0923
UNH,Net Profit Margin,0.0616,0.0596,0.0632
UNH,Interest Coverage Ratio,10.9523,9.6171,11.4305
UNH,Net Current Asset Value,-22587000000.0,-23112000000.0,-22274000000.0
UNP,Asset Turnover Ratio,0.0922,0.0903,0.0896
UNP,Operating Ratio,0.6212,0.6304,0.6336
UNP,Current Ratio,0.6536,0.7148,0.7189
UNP,Quick Ratio,0.4886,0.506,0.509
UNP,Cash Ratio,0.1738,0.1581,0.1444
UNP,Working Capital,-2151000000.0,-1497000000.0,-1491000000.0
UNP,Operating Cash Flow Ratio,0.2963,0.3845,0.4008
UNP,Gross Margin,0.4377,0.4285,0.4301
UNP,Operating Margin,0.3788,0.3696,0.3664
UNP,Net Profit Margin,0.2692,0.2631,0.2572
UNP,Interest Coverage Ratio,9.0774,8.2035,8.2545
UNP,Net Current Asset Value,-2151000000.0,-1497000000.0,-1491000000.0
UPS,Asset Turnover Ratio,0.3199,0.3095,0.2995
UPS,Operating Ratio,1.7783,0.9577,0.9331
UPS,Current Ratio,1.3359,1.3236,1.2171
UPS,Quick Ratio,1.2112,1.1896,1.0583
UPS,Cash Ratio,0.5779,0.5368,0.4601
UPS,Working Capital,5463000000.0,4753000000.0,3434000000.0
UPS,Operating Cash Flow Ratio,0.1449,0.2204,0.1412
UPS,Gross Margin,0.1108,0.126,0.2099
UPS,Operating Margin,0.1108,0.126,0.0798
UPS,Net Profit Margin,0.0827,0.0944,0.0535
UPS,Interest Coverage Ratio,18.3032,18.8901,-17.8582
UPS,Net Current Asset Value,5463000000.0,4753000000.0,3434000000.0
USB,Asset Turnover Ratio,0.0105,0.0105,0.0104
USB,Operating Ratio,-0.3722,-0.3203,-0.7209
USB,Current Ratio,2.3335,4.3256,6.0074
USB,Quick Ratio,2.4997,4.6051,6.0074
USB,Cash Ratio,2.3335,4.3256,6.0074
USB,Working Capital,75844000000.0,107529000000.0,109661000000.0
USB,Operating Cash Flow Ratio,0.0148,0.1026,0.0
USB,Gross Margin,1.0,1.0,1.0
USB,Operating Margin,0.6278,0.6797,0.2791
USB,Net Profit Margin,0.2378,0.1906,0.2176
USB,Interest Coverage Ratio,1.9927,1.6114,0.6012
USB,Net Current Asset Value,75844000000.0,107529000000.0,109661000000.0
V,Asset Turnover Ratio,0.0928,0.0923,0.0958
V,Operating Ratio,0.3317,0.3252,0.5522
V,Current Ratio,1.5006,1.4918,1.4517
V,Quick Ratio,1.0817,1.1065,1.0651
V,Cash Ratio,0.8689,0.8835,0.8714
V,Working Capital,9560000000.0,10440000000.0,10434000000.0
V,Operating Cash Flow Ratio,0.2021,0.2731,0.2999
V,Gross Margin,0.7879,0.7953,0.8031
V,Operating Margin,0.6683,0.6185,0.6447
V,Net Profit Margin,0.5331,0.5116,0.5437
V,Interest Coverage Ratio,39.2254,31.4066,-31.6776
V,Net Current Asset Value,9560000000.0,10440000000.0,10434000000.0
VZ,Asset Turnover Ratio,0.0869,0.086,0.0872
VZ,Operating Ratio,0.7696,0.7785,0.7758
VZ,Current Ratio,0.7478,0.7273,0.6846
VZ,Quick Ratio,0.5252,0.5445,0.4995
VZ,Cash Ratio,0.0468,0.0934,0.0756
VZ,Working Capital,-12046000000.0,-14016000000.0,-17558000000.0
VZ,Operating Cash Flow Ratio,0.1735,0.1893,0.1936
VZ,Gross Margin,0.5897,0.6084,0.5969
VZ,Operating Margin,0.2304,0.2215,0.2242
VZ,Net Profit Margin,0.1492,0.1426,0.1428
VZ,Interest Coverage Ratio,9.9627,9.1486,8.307
VZ,Net Current Asset Value,-12046000000.0,-14016000000.0,-17558000000.0
WFC,Asset Turnover Ratio,0.011,0.0109,0.011
WFC,Operating Ratio,0.0992,-0.2473,-0.5874
WFC,Current Ratio,3.9707,3.619,3.8613
WFC,Quick Ratio,3.9707,3.619,3.8613
WFC,Cash Ratio,3.7877,3.437,3.6894
WFC,Working Capital,240647000000.0,220663000000.0,267041000000.0
WFC,Operating Cash Flow Ratio,0.0914,-0.009,0.0
WFC,Gross Margin,0.9082,0.9081,0.9028
WFC,Operating Margin,0.5029,0.6609,0.3154
WFC,Net Profit Margin,0.2408,0.2405,0.2765
WFC,Interest Coverage Ratio,1.9895,1.7654,0.7319
WFC,Net Current Asset Value,240647000000.0,220663000000.0,267041000000.0
WMT,Asset Turnover Ratio,0.6681,0.6235,0.6463
WMT,Operating Ratio,0.9661,0.959,0.9547
WMT,Current Ratio,0.8211,0.8221,0.8268
WMT,Quick Ratio,0.1819,0.1908,0.2195
WMT,Cash Ratio,0.0961,0.1107,0.14
WMT,Working Capital,-16543000000.0,-16994000000.0,-17188000000.0
WMT,Operating Cash Flow Ratio,0.145,0.0485,0.1367
WMT,Gross Margin,0.2354,0.2431,0.2461
WMT,Operating Margin,0.058,0.022,0.0453
WMT,Net Profit Margin,0.0383,0.011,0.0488
WMT,Interest Coverage Ratio,20.2016,9.3328,15.9206
WMT,Net Current Asset Value,-16543000000.0,-16994000000.0,-17188000000.0
XOM,Asset Turnover Ratio,0.2265,0.2206,0.2408
XOM,Operating Ratio,0.8321,0.8789,0.8681
XOM,Current Ratio,1.4584,1.4844,1.4208
XOM,Quick Ratio,1.0719,1.0587,1.0502
XOM,Cash Ratio,0.4898,0.4777,0.4628
XOM,Working Capital,30558000000.0,29945000000.0,29956000000.0
XOM,Operating Cash Flow Ratio,0.2451,0.1518,0.2242
XOM,Gross Margin,0.2865,0.2487,0.2527
XOM,Operating Margin,0.166,0.1473,0.1566
XOM,Net Profit Margin,0.1367,0.0975,0.1024
XOM,Interest Coverage Ratio,114.0063,64.8474,108.1834
XOM,Net Current Asset Value,30558000000.0,29945000000.0,29956000000.0
